workerid,proliferate.condition,time_in_minutes,error
17,condition1,17.013166666666667,
13,condition1,0.7144,
16,condition1,14.2173,
19,condition1,34.18438333333334,
14,condition1,0.7123166666666667,
18,condition1,24.685733333333335,
